ID,カード名,種別,クラス,レベル,パワー,色,タグ,効果
NJ-SD01-001,月ノ美兎,チャンネル,太陽,,,,"囚人,JK","自分のターン中 ターン1回 自分のライバーがバトルに勝利した時、相手のカラーカードを1枚表にする。
トリガー:R,G（相手のターン中、指定の自分のカラーカードが表になった時、発動する。）このターン中、相手のライバー1枚はカラーコールできない。"
NJ-SD01-002,静凛,ライバー,太陽,1,3000,I,"JK,ミッドナイト",ブロッカー (相手が攻撃かカラーコールしたとき、このカードをヨコにすることで、攻撃かカラーコールを中止し、このカードでバトルする) 
NJ-SD01-003,静凛,ライバー,太陽,2,6000,"G,B,Y","JK,ミッドナイト",
NJ-SD01-004,静凛,ライバー,太陽,3,8000,"B,I,V","JK,ミッドナイト",登場時 自分の手札からLv1以下の#JKを持つライバー1枚を選び、登場させてもよい。自分のにじエリアのカラーカードが5枚以上の場合、代わりにLv2以下を選ぶ。
NJ-SD01-005,静凛,ライバー,太陽,4,10000,"Y,G,B,I,V","JK,ミッドナイト",
NJ-SD01-006,月ノ美兎,ライバー,太陽,0,3000,,"囚人,JK",
NJ-SD01-007,月ノ美兎,ライバー,太陽,1,5000,R,"囚人,JK",
NJ-SD01-008,月ノ美兎,ライバー,太陽,2,5000,"R,B","囚人,JK",登場時 このカード以外の自分のライバー1枚を選ぶ。このターン中、選んだカードのパワー+3000。選んだカードの元々のパワーが7000以上の場合、代わりに+5000。
NJ-SD01-009,月ノ美兎,ライバー,太陽,2,6000,"G,V","囚人,JK",バトル勝利時 自分のログのLv0の#JKを持つライバー1枚をヨコで登場させてもよい。
NJ-SD01-010,樋口楓,ライバー,太陽,1,4000,O,"JK,生徒会",登場時 相手のLv1以下のタテのライバー1枚は、次の相手のスタートフェイズにタテにならない。
NJ-SD01-011,樋口楓,ライバー,太陽,2,5000,"O,Y,G","JK,生徒会",バトル勝利時 このカードでSPコールする。(SPコールはブロッカーなどで中止されない)
NJ-SD01-012,樋口楓,ライバー,太陽,3,8000,"O,Y,G,I","JK,生徒会",
NJ-SD01-013,樋口楓,ライバー,太陽,5,12000,"R,O,Y,G,I","JK,生徒会",登場時 相手のヨコのライバー1枚は、次の相手のスタートフェイズにタテにならない。
NJ-SD01-014,筋肉愛,イベント,太陽,1,,,"JK,ミッドナイト",このターン中、自分のライバー1枚のパワー+5000。
NJ-SD01-015,?,イベント,太陽,,,,???,???
NJ-SD01-016,NEVER GLOW UP,ステージ,太陽,1,,,JK,起動メイン ターン1回 自分の#JKをもつライバーが3枚以上いる場合、このターン中、自分のライバー1枚のパワー+1000。
NJ-SD02-001,葛葉,チャンネル,月,,,,"家族,ゲーマー,囚人,メメント","起動メイン ターン1回 自分のデッキの上から1枚をログに置く。
 
 トリガー:I,V（相手のターン中、指定の自分のカラーカードが表になった時、発動する。）自分のデッキの上から1枚をログに置く。その後、自分のログのカードが20枚以上の場合、相手のパワー4000以下のライバー1枚をログに置く。"
NJ-SD02-002,イブラヒム,ライバー,月,1,3000,B,"勝負師,バンド,B級",ブロッカー (相手が攻撃かカラーコールしたとき、このカードをヨコにすることで、攻撃かカラーコールを中止し、このカードでバトルする) 
NJ-SD02-003,イブラヒム,ライバー,月,1,5000,Y,"勝負師,バンド,B級",
NJ-SD02-004,イブラヒム,ライバー,月,2,5000,"Y,B","勝負師,バンド,B級",登場時 このカード以外の自分のライバー1枚を選ぶ。このターン中、選んだカードのパワー+3000。選んだカードの元々のパワーが7000以上の場合、代わりに+5000。
NJ-SD02-005,イブラヒム,ライバー,月,3,0,"O,Y,B,I","勝負師,バンド,B級",登場時 自分のデッキの上から1枚を公開し、好きな順番でデッキの下に置く。このターン中、このカードのパワーを公開したライバーのパワーの合計分+する。
NJ-SD02-006,エクス・アルビオ,ライバー,月,1,4000,G,,???
NJ-SD02-007,エクス・アルビオ,ライバー,月,2,6000,"Y,G,B",,
NJ-SD02-008,エクス・アルビオ,ライバー,月,2,5000,"O,G,I",,バトル勝利時 このカードでSPコールする。(SPコールはブロッカーなどで中止されない)
NJ-SD02-009,エクス・アルビオ,ライバー,月,3,8000,"G,B,I",,バトル勝利時 ターン1回 このカードが登場したターン中の場合、自分の手札1枚をログに置いてもよい。こうした場合、このカードをタテにする。
NJ-SD02-010,葛葉,ライバー,月,0,3000,,"家族,ゲーマー,囚人,メメント",
NJ-SD02-011,葛葉,ライバー,月,2,5000,Y,"家族,ゲーマー,囚人,メメント",???
NJ-SD02-012,葛葉,ライバー,月,3,8000,"R,O,I,V","家族,ゲーマー,囚人,メメント",
NJ-SD02-013,葛葉,ライバー,月,3,8000,"R,O,V","家族,ゲーマー,囚人,メメント",登場時 自分のログが20枚以上の場合、このターン中、相手のライバー1枚のパワー-4000。その後、自分のログのLv2以下のライバー2枚までを好きな順番でデッキの下においてもよい。
NJ-SD03-001,笹木咲,チャンネル,彗星,,,,"ゲーマー,囚人,バンド","相手ターン中 ターン1回 自分のライバーがバトルによってログに置かれた時、そのライバーをこのカードの下に置く。その後、このカードの下のカードが3枚以上の場合、それらを好きな順番でデッキの下に置き、自分の手札が5枚になるようにカードを引く。
 
 トリガー:B（相手のターン中、指定の自分のカラーカードが表になった時、発動する。）自分の手札が5枚になるようにカードを引く。"
NJ-SD03-002,笹木咲,ライバー,彗星,0,3000,,"ゲーマー,囚人,バンド",
NJ-SD03-003,笹木咲,ライバー,彗星,1,3000,,"ゲーマー,囚人,バンド",ブロッカー (相手が攻撃かカラーコールしたとき、このカードをヨコにすることで、攻撃かカラーコールを中止し、このカードでバトルする) 
NJ-SD03-004,笹木咲,ライバー,彗星,2,5000,"R,B","ゲーマー,囚人,バンド",登場時 このカード以外の自分のライバー1枚を選ぶ。このターン中、選んだカードのパワー+3000。選んだカードの元々のパワーが7000以上の場合、代わりに+5000。
NJ-SD03-005,笹木咲,ライバー,彗星,5,12000,"R,O,G,B,I","ゲーマー,囚人,バンド",登場時 このカードと同じ#をもつ、自分のログのLv1以下のライバー1枚をヨコで登場させてもよい。自分のにじエリアのカラーカードが5枚以上の場合、代わりにタテで登場させてもよい。
NJ-SD03-006,本間ひまわり,ライバー,彗星,1,4000,Y,"家族,ゲーマー",バトル勝利時　カードを1枚引く
NJ-SD03-007,本間ひまわり,ライバー,彗星,2,5000,"O,Y,G","家族,ゲーマー",登場時 自分のにじエリアのカラーカードが5枚以上の場合、カード1枚を引く。
NJ-SD03-008,本間ひまわり,ライバー,彗星,3,8000,"R,O,Y,G","家族,ゲーマー",
NJ-SD03-009,本間ひまわり,ライバー,彗星,7,12000,"R,O,Y,G,B,I,V","家族,ゲーマー",???
NJ-SD03-010,魔界ノりりむ,ライバー,彗星,1,5000,V,"ゲーマー,シェアハウス",
NJ-SD03-011,魔界ノりりむ,ライバー,彗星,2,6000,"R,I,V","ゲーマー,シェアハウス",
NJ-SD03-012,魔界ノりりむ,ライバー,彗星,2,5000,"Y,I,G","ゲーマー,シェアハウス",バトル勝利時 このカードでSPコールする。(SPコールはブロッカーなどで中止されない)
NJ-SD03-013,魔界ノりりむ,ライバー,彗星,3,8000,,"ゲーマー,シェアハウス",???
NJ-SD03-014,ばぁっ！,イベント,彗星,2,,,"ゲーマー,シェアハウス",相手のLv5以下のライバーをセットエリアに置く。すでに相手のセットエリアにカードがある場合、代わりにログに置く。
NJ-SD03-015,怒りの台パン,イベント,彗星,5,,,"ゲーマー,囚人,バンド",ライバーすべてをログに置く。
NJ-SD03-016,???,ステージ,彗星,,,,???,???
NJ-SD04-001,加賀美ハヤト,チャンネル,星,,,,"エンカウンター,カードゲーマー,塾,メメント","自分のターン終了時 相手に自分の裏のカラーカード1枚を表にさせてもよい。こうした場合、自分のLv1以下のライバー1枚をタテにする。
 
 トリガー:O,I（相手のターン中、指定の自分のカラーカードが表になった時、発動する。）相手のカラーカード1枚を表にする。"
NJ-SD04-002,加賀美ハヤト,ライバー,星,1,3000,O,"エンカウンター,カードゲーマー,塾,メメント",ブロッカー (相手が攻撃かカラーコールしたとき、このカードをヨコにすることで、攻撃かカラーコールを中止し、このカードでバトルする) 
NJ-SD04-003,加賀美ハヤト,ライバー,星,2,6000,"R,O,Y","エンカウンター,カードゲーマー,塾,メメント",
NJ-SD04-004,加賀美ハヤト,ライバー,星,3,8000,,"エンカウンター,カードゲーマー,塾,メメント",
NJ-SD04-005,加賀美ハヤト,ライバー,星,3,8000,"R,O,I","エンカウンター,カードゲーマー,塾,メメント",カラーコール成功時 ターン1回 相手のカラーカードがすべて表の場合、このカードと同じ#を持つ、「加賀美ハヤト」以外の自分のライバー1枚をタテにする。
NJ-SD04-006,葉加瀬冬雪,ライバー,星,1,5000,B,エンカウンター,
NJ-SD04-007,葉加瀬冬雪,ライバー,星,2,5000,,エンカウンター,バトル勝利時 このカードでSPコールする。(SPコールはブロッカーなどで中止されない)
NJ-SD04-008,葉加瀬冬雪,ライバー,星,2,5000,"G,B",エンカウンター,登場時 このカード以外の自分のライバー1枚を選ぶ。このターン中、選んだカードのパワー+3000。選んだカードの元々のパワーが7000以上の場合、代わりに+5000。
NJ-SD04-009,葉加瀬冬雪,ライバー,星,3,8000,"G,B,I",エンカウンター,カラーコール成功時 ターン1回 ???
NJ-SD04-010,夜見れな,ライバー,星,0,3000,,"エンカウンター,クリエイター,伝説,ミッドナイト,Brown",
NJ-SD04-011,夜見れな,ライバー,星,,,,"エンカウンター,クリエイター,伝説,ミッドナイト,Brown",タテになった時 相手の???
NJ-SD04-012,夜見れな,ライバー,星,2,5000,"Y,I,V","エンカウンター,クリエイター,伝説,ミッドナイト,Brown",登場時 自分と相手は対戦相手のカラーカード1枚ずつを表にする。
NJ-SD04-013,夜見れな,ライバー,星,,,,"エンカウンター,クリエイター,伝説,ミッドナイト,Brown",???
NJ-SD04-014,???,イベント,星,,,,,???
NJ-SD04-015,???,イベント,星,,,,,???
NJ-SD04-016,アンコールステージ,ステージ,星,3,,,エンカウンター,自分の#エンカウンターを持つライバーがカラーコールに成功した時、相手のカラーカードがすべて表の場合、このカードをログに置いてもよい。こうした場合、自分のログのLv3以下の#エンカウンターを持つライバー1枚を登場させる。
NJ-BP01-008,剣持刀也,ライバー,太陽,1,4000,V,"囚人,弾丸,メメント",バトル勝利時　「剣持刀也」以外の自分の弾丸を持つライバー1枚をタテにする
NJ-BP01-015,鷹宮リオン,ライバー,太陽,3,8000,"O,Y,G",お嬢様,各ターン中、このカードが初めて攻撃された時、このカード以外の自分のライバー1枚をログにおいてもよい。こうした場合、この攻撃を中止する。
NJ-BP01-019,でびでび・でびる,ライバー,太陽,3,8000,"B,I,V","ふわふわ,B級,Brown",フィールドのこのカードが自分の効果によってログに置かれた時、相手のライバー1枚を選び、ヨコにする。選んだカードは、次の相手のスタートフェイズにタテにならない。
NJ-BP01-020,でびでび・でびる,ライバー,太陽,4,9000,"R,O,Y,G,V","ふわふわ,B級,Brown",登場時 このカードをタテにし、このターン中、パワー+2000。
NJ-BP01-031,イブラヒム,チャンネル,月,,,,"勝負師,バンド,B級","起動メイン ターン1回 自分の手札の「熱き勝負師たち」のステージを1枚登場させてもよい。
 
 トリガー:B（相手のターン中、指定の自分のカラーカードが表になった時、発動する。）自分のデッキの上から3枚を公開し、好きな順番でデッキの下に置く。それらがすべて同じLvだった場合、相手のパワー3000以下のヨコのライバーを1枚ログに置く。"
NJ-BP01-033,赤羽葉子,ライバー,月,1,2000,O,"オカルト,ゲーマー,バンド",登場時 自分のログの#ゲーマーをもつイベント1枚をデッキの下においてもよい。こうした場合、カード1枚を引く。
NJ-BP01-052,レイン・パターソン,ライバー,月,3,8000,"R,O,V","アイドルダンス,勝負師,楽園,ロックオン",起動メイン ターン1回 自分のデッキの上から3枚を公開し、好きな順番でデッキの下に置く。それらがすべて同じLvの場合、このターン中、相手のライバー1枚はブロッカーを発動できない。
NJ-BP01-059,必中必殺,イベント,月,7,,,"オカルト,ゲーマー,囚人,伝説,バンド",相手のライバー3枚をログに置く。
NJ-BP01-060,熱き勝負師たち,ステージ,月,,,,勝負師,?
NJ-BP01-061,皇れお,チャンネル,彗星,,,,学園,"起動メイン ターン1回 自分の手札1枚をログに置くことで、相手のカラーカードを1枚表にする。
 
 トリガー:R,G（相手のターン中、指定の自分のカラーカードが表になった時、発動する。）自分のログの「学園の保健室」のステージ1枚を登場させてもよい。"
NJ-BP01-072,城瀬いすみ,ライバー,彗星,1,4000,V,学園,カラーコール成功時 ターン1回 相手のカラーカード2枚を表にする。
NJ-BP01-083,リゼ・ヘルエスタ,ライバー,彗星,,,,,
NJ-BP01-084,リゼ・ヘルエスタ,ライバー,彗星,,,,,
NJ-BP01-085,リゼ・ヘルエスタ,ライバー,彗星,5,12000,"O,G,B,I,V","カーニバル,クリエイター",相手がカラーコールしたとき、このカードがヨコの場合、各ターン中1度だけ相手に自分の裏のカラーカード1枚を表にさせてもよい。こうした場合、このカラーコールを中止する。
NJ-BP01-091,石神のぞみ,チャンネル,星,,,,特異性,
NJ-BP01-092,夜見れな,チャンネル,星,,,,"エンカウンター,クリエイター,伝説,ミッドナイト,Brown","起動メイン ターン1回 自分の「夜見れな」のライバー1枚をデッキの下に置くことで、自分のデッキの上から1枚をログに置く。ログに置いたカードが、デッキの下に置いたライバーのLvよりLvが1大きい同じ#を持つライバーの場合、登場させる。
 
 トリガー:Y,V（相手のターン中、指定の自分のカラーカードが表になった時、発動する。）相手のターン中、相手のライバー1枚はカラーコールできない。"
NJ-BP01-097,石神のぞみ,ライバー,星,2,5000,"G,V",特異性,カラーコール成功時 このカードを手札に戻してもよい。こうした場合、自分のデッキの上から3枚を見て、その中からLv4以下の#特異性をもつライバー1枚までをヨコで登場させ、残りを好きな順番でデッキの下に置く。
NJ-BP01-107,獅子堂あかり,ライバー,星,2,5000,"O,Y",特異性,カラーコール成功時 このカードを手札に戻してもよい。こうした場合、自分のデッキの上から3枚をみて、その中からLv4以下の#特異性をもつライバー1枚までをヨコで登場させ、残りを好きな順番でデッキの下に置く。
NJ-BP01-112,魔使マオ,ライバー,星,2,4000,"Y,V","クリエイター,組織,Brown",登場時 自分のデッキの上から3枚を見て、その中から1枚を手札に加え、1枚をデッキの上に置き、残りをデッキの下に置く。
NJ-SD02-014,NJ-SD02-014,イベント,月,,,,???,???
NJ-SD02-015,NJ-SD02-015,イベント,月,,,,???,???
NJ-SD02-016,NJ-SD02-016,ステージ,月,,,,???,???
